id,name,email,location
1,Jason Craig,jacob41@hotmail.com,South Jodi
2,Adam Frost,hendrickskelly@dixon.com,New Andrew
3,Thomas Morris,marcusharrison@hotmail.com,Jasonville
4,Lisa Owens,hoodcindy@fields.biz,New Diane
5,Douglas Lang,larrysmith@burgess.com,Thomasborough
6,Tiffany Byrd,brookscandice@gmail.com,Sophiaborough
7,Andrew Jackson,alexanderrodriguez@yahoo.com,Jasonland
8,Dr. Christine Gibbs,palmertracy@hotmail.com,Williamsside
9,Peter Hamilton,santosaaron@hotmail.com,Yangtown
10,Kathy Nguyen,lori37@gmail.com,North Tiffany
11,Dan Kaufman,hernandezkevin@ramos.com,Port Raymondville
12,Latoya Lee,kirbyjim@hotmail.com,Johnsonshire
13,Jennifer Washington,mitchellmorgan@molina.com,North Jeremyland
14,Kimberly Anderson,kirbynatalie@yahoo.com,Lake Antoniofurt
15,Annette Brooks,pjones@hotmail.com,North Roberthaven
16,Michelle Robinson,qscott@yahoo.com,Port Ashleeburgh
17,Crystal Gutierrez,lwatkins@thompson-deleon.com,Lake Autumn
18,Jacob Murphy,opope@davis-mcbride.com,South Scottview
19,Grace Rodriguez,colliernatalie@yahoo.com,East David
20,Derek Carroll,nhood@spencer.com,Port Debra
21,Valerie Ross,lawsonjulie@wilson-roberts.info,South Derekshire
22,Jeffrey Wilkins,drosario@mcpherson.com,Port Jonathanberg
23,Joyce Clark,conniejones@gonzales-crawford.com,West Nicole
24,Roy Barton,mhansen@mullen.com,East Donna
25,Kimberly Beck,alexis03@woods.com,Lake Nancyland
26,Sandra Flores,ryanlauren@yahoo.com,Timothymouth
27,Sean Patterson,ljenkins@gmail.com,Johnton
28,Bob Stewart MD,aguilarkenneth@spence.com,South Tammy
29,James Moreno,mcgratherik@johnson.com,Aaronberg
30,Jessica Carr DVM,mgay@gmail.com,South Adamhaven
31,Kristin Ortiz,burtonrandall@solis.net,West Alexandria
32,Diana Butler,wellscrystal@berry-gamble.org,Michaelstad
33,Jessica Allen,connorsalinas@osborne.biz,Clarkmouth
34,Brenda Moss,patelamy@hughes.com,Tonychester
35,Michelle Gross,sheila44@hotmail.com,West Elizabethburgh
36,Robert Hughes,todd63@hotmail.com,Gainesport
37,Robert Juarez,danaromero@yahoo.com,Port Michael
38,Jonathan Hall,clarkderrick@coleman.com,West Megan
39,Brittany Robinson,ryangarrett@powell.com,Duarteberg
40,Seth Martinez,timothylawson@morales.org,Nicolemouth
41,Susan Miller,johnsonlaura@yahoo.com,New Michaelview
42,Autumn Ortiz,fgomez@johnston.info,Port Linda
43,Courtney White,bethhuffman@novak.com,Halltown
44,Jennifer Martinez,browndakota@higgins-crane.com,Port Cherylchester
45,Kimberly Johnson,tammykane@hotmail.com,South Kimberlyfort
46,Ryan Garcia,bryceschroeder@yahoo.com,Carlsonbury
47,Allison Davis,kenneth25@hotmail.com,Palmerborough
48,Dustin Stevens,christineliu@schultz-howard.com,Port Paulport
49,Blake Hamilton,janetkeller@glass-casey.net,Joneston
50,William Caldwell,thomas26@pitts.com,West Rogerville
51,Randall Munoz,angelacain@chambers-barnett.com,Danielmouth
52,Angela Hill,joecoleman@thomas.com,North William
53,Christian Rodriguez,mtorres@yahoo.com,Finleyfort
54,Sabrina Johnson,cruzcameron@hotmail.com,Seanville
55,Lisa Hampton,hollysalinas@hotmail.com,South Heather
56,Lisa Sanchez,storres@yahoo.com,South Angelaport
57,Patricia Bell,qjones@yahoo.com,Markfort
58,Mary Ford,oallen@hotmail.com,Vegastad
59,Stacy Robbins,joshuahoffman@gmail.com,West Robert
60,Brooke Coleman,crystalperry@hotmail.com,South Anthonyville
61,Stacy Santos,xortiz@wells.info,Knightfort
62,David Martinez,allenchristopher@gmail.com,Port Haroldmouth
63,Michael Rosales,bradleyadams@smith-daniel.net,Craigfurt
64,Joshua Ross,barneslinda@carter.biz,Coxshire
65,Richard Roberts,elizabeth48@powers.com,West Anna
66,Anthony Gonzalez,lisaross@hotmail.com,Port Jesseburgh
67,Aaron Willis,russellabigail@gmail.com,West Yolandastad
68,Stephen Duncan,francisco11@hotmail.com,New Kevin
69,Timothy Howell,villegasdaniel@hotmail.com,New Alexshire
70,Zachary Compton,jared32@yahoo.com,New Chadmouth
71,Carl Roy,amy36@bentley.com,East Nina
72,Gregory Alvarez,laura53@sandoval.com,New Mark
73,Melinda Thompson,xdonaldson@henry.info,Morganton
74,Richard Kelley,matthew84@mcdonald.org,Royside
75,Michael Campos,gsanchez@burke.com,Brandonmouth
76,Sara Suarez,woodjohn@gmail.com,East Toniland
77,William Rubio,cookheather@morgan.com,New Samuelland
78,Sierra Newman,dianemcmillan@mendez.info,New Warrenmouth
79,Sarah Hanna,andreamcclure@fox.com,Stewartfurt
80,Megan Moore,samantha32@watts-perez.info,Newmanchester
81,William Davis,murraydanielle@gmail.com,Tamaraton
82,Donald Randall,amygibson@hanson-erickson.org,Beasleyfurt
83,William Martinez,jasonbrooks@gmail.com,Grossborough
84,Tammy Oconnor,markjohnson@hotmail.com,Garciaborough
85,James Banks,lcolon@gmail.com,Masseyberg
86,Elizabeth Wright,patriciahenry@horn.biz,Port Brianburgh
87,Jeremy Phillips,elizabeth56@bartlett-mitchell.org,West Kevinmouth
88,Michael Collins,fcollier@gmail.com,Charlesbury
89,Jacob Barnett,fstewart@gray.info,West Andrew
90,Tanner White,dwells@garcia.biz,New Tiffanyton
91,Angela Nelson,browncarol@hotmail.com,West Margaretview
92,Dana Mason,thomascory@hotmail.com,South Adrianaport
93,Kimberly Mcdaniel,chadmueller@shepherd-collins.biz,West Blake
94,Melissa Mills,moralesdiana@rodriguez.com,South Adam
95,Stephanie Palmer,cookgilbert@sims.com,South Emmastad
96,Kimberly Smith,otaylor@hotmail.com,East Jamieshire
97,Mr. Mark Case,edward08@gmail.com,Port Patricia
98,Charles Hawkins,tlewis@mason.com,Darrellmouth
99,Lynn Wood,wigginsmegan@taylor.com,South Anne
100,Nicole Horton,reyesdylan@yahoo.com,Davidfurt
101,Matthew Rodriguez,hoffmanclaire@yahoo.com,Donnaton
102,Elizabeth Williams,rebecca01@scott.org,North Abigailton
103,Andrew Rowe,michael48@golden-nguyen.com,West Emilyfort
104,Heather Bauer,laurieheath@dickerson.net,Mannville
105,Steven Gutierrez,uwilliams@yahoo.com,Hugheschester
106,Devon Simpson,nancyjohnson@warren-munoz.net,East Stevenburgh
107,Emma Martin,asawyer@yahoo.com,Samuelborough
108,Michelle Wagner,pmayo@gmail.com,West Barryfurt
109,David Mcguire,lcurtis@banks-smith.com,Lindseyland
110,Angel Thompson,jacobhenderson@yahoo.com,Timchester
111,Ryan Clayton,epope@gmail.com,Jorgeburgh
112,Sarah Moreno,aaronmcguire@gomez.com,New Sonya
113,Julie Cox,juliewilson@hotmail.com,Payneborough
114,Dana Hansen,abrown@hotmail.com,East Davidstad
115,Morgan Phillips,hannahsanders@maldonado-martin.info,North Emilychester
116,Edwin Hall,rebekah97@jenkins.com,Peterberg
117,Eileen Carroll,roweemily@foster.biz,Fishermouth
118,Laura Andrews,brittanyibarra@ayala.com,West Tracyton
119,Jerry Gregory,alexanderbradford@hotmail.com,East Joshua
120,Brandon Martin,raguirre@gmail.com,North Austin
121,Justin Horton,jonesryan@bowen.info,South Sabrinashire
122,Tammy Phillips,dnixon@yahoo.com,Port William
123,Dr. David Morse,browningrobert@yahoo.com,South Amanda
124,Melissa Spence,kevin72@hotmail.com,New Spencer
125,Toni Carter,psaunders@perez.com,Clarkberg
126,Deborah Flores,markramirez@gmail.com,South Richard
127,Hector Mason,briggsjoan@lee.net,Donaldberg
128,Tracy Mcdonald,jeffrey08@gmail.com,Paynechester
129,Kathy Massey,pwaller@cobb.com,Kimfurt
130,Kimberly Williams,cgomez@yahoo.com,New Elaineberg
131,Megan Taylor,stevenorozco@hotmail.com,Chloestad
132,Sharon Hernandez,walkerhannah@yahoo.com,East Xavier
133,Sarah Francis,chadwilson@robinson.net,Brownmouth
134,Courtney James,kellysandoval@patel.biz,New Erictown
135,Michelle Cuevas,brittanyjohnson@richards.com,Cantrellmouth
136,Micheal English,whuffman@yahoo.com,East Laurenland
137,Maria Webb,camposdevin@doyle.biz,East Aliciaville
138,Jeffrey Walker,jamie50@thornton-hall.com,East Mark
139,Daniel Wilson,turnerpeter@yahoo.com,New Joseph
140,James Cameron,clarkandre@hotmail.com,New Michaelport
141,Patricia Garcia,droberts@hotmail.com,North Benjaminhaven
142,Deborah Ruiz,deanbennett@barnett.com,Irwinborough
143,Michelle Martinez,fostererin@brown.info,Woodview
144,Linda Arroyo,cunninghamjoyce@reese.com,Donnaville
145,Cory Spencer,glendalewis@hotmail.com,Brandyland
146,Mrs. Briana Smith,carsonkatherine@hoffman-jones.info,Lake Staceymouth
147,Nicole Edwards,justinramos@tapia-serrano.info,Port Billyhaven
148,Chase Wilson,woodsjessica@yahoo.com,Jameschester
149,Stephen Williams,jasoncook@black.biz,Joseside
150,Peter Gould,jessicabeltran@dalton.com,East Erinbury
151,Stephanie Christian,nathanwilson@yahoo.com,Kerrbury
152,James Walker,markhenson@yahoo.com,Lake Erikburgh
153,Shawn Davis,sheltonalyssa@yahoo.com,Danielside
154,Leah Harmon,patriciarojas@rodriguez-anderson.com,Lake Kathleen
155,Vincent Coleman,michelle51@jones.org,South Lindsey
156,Kristen Wagner,rhernandez@gmail.com,Wheelerberg
157,Jacqueline Oliver,coffeyrodney@horton.org,Port Lisabury
158,Kari Miller,angela77@pollard.org,Danielland
159,Philip Martinez,vgarcia@gmail.com,East Curtis
160,Eric Romero,victoriapope@hotmail.com,Ericside
161,Jeremy Zhang,matthew93@hotmail.com,New Stephenland
162,Samantha Medina,tmartin@williams.com,South Adamside
163,Daniel Fuentes,hernandezgloria@watkins.biz,Matthewburgh
164,Michael Olson,rreilly@ramirez.info,North Jefferymouth
165,Natasha Woodard,farmerwesley@peters-turner.com,Hannahstad
166,Amanda Freeman MD,williamwilliams@hoffman-barber.com,Lake Maureenmouth
167,James Carr,lrowe@hotmail.com,Gutierrezmouth
168,Don Aguirre,joneschristopher@williams-hunter.com,West Benjamin
169,Melissa Campbell,srichardson@yahoo.com,South Michaelbury
170,Dawn Rogers,kevin61@cook-warner.info,East Reneeburgh
171,Joshua Leblanc,burnettmisty@hotmail.com,Andersonstad
172,Julia Jones,breannaallen@peterson.com,East Matthew
173,Melanie Johnson,schaeferpatrick@gonzales-smith.com,Rubioview
174,Travis Smith,edgar74@manning-armstrong.com,Port Jamesmouth
175,Luke Bolton,emily34@marshall.com,Port Ericfort
176,Nicholas Fowler,dtorres@gmail.com,Lorifurt
177,Eileen Stewart,matthew19@hotmail.com,Thompsonfort
178,Doris George,john87@yahoo.com,South Brandon
